Benchmark,Algorithms,1,2,3,4,5,6,7,8,9,10,11,12,13,14,15,16,17,18,19,20,21,22,23,24,25,26,27,28,29,30,Mean,Std
DTLZ2,MOPSO-Gbest,0.426354315,0.341928528,0.371795878,0.422325161,0.320082972,0.328119949,0.402771914,0.343097342,0.417342663,0.355951403,0.43740896,0.381567293,0.374951272,0.396038247,0.410605053,0.421987873,0.337534606,0.352191156,0.359231431,0.346997069,0.415625183,0.425817246,0.416611955,0.396344098,0.428911696,0.348033574,0.378289129,0.275145545,0.411325394,0.398559334,0.381431541,0.040095236
DTLZ2,MOPSO-DPRT,0.481114108,0.483318218,0.468783679,0.489458611,0.478591346,0.478841355,0.455534743,0.47555736,0.480371027,0.48323147,0.500032601,0.466263931,0.473000413,0.483526527,0.484405563,0.474781485,0.490127342,0.468340041,0.495539345,0.47753621,0.480510295,0.486558488,0.483467074,0.47438344,0.484952123,0.476457426,0.476866745,0.471252518,0.488564967,0.493913714,0.480176072,0.00932202
DTLZ2,MOPSO-Von-Neumann,0.523149282,0.505682432,0.51565026,0.511484506,0.505514483,0.517128307,0.516848826,0.519108945,0.517778902,0.511647656,0.509240136,0.517357322,0.511095479,0.526195726,0.518823237,0.520600168,0.518560941,0.517340679,0.51853641,0.515306889,0.511115547,0.514235372,0.519530062,0.514542281,0.515176318,0.516608886,0.519566496,0.51088226,0.520500555,0.514007399,0.515773859,0.004719533
DTLZ2,MOPSO-IVT,0.534825731,0.530567229,0.531024025,0.527048684,0.53781832,0.537463185,0.538899394,0.537867311,0.526883541,0.53806054,0.536895012,0.538055594,0.534408019,0.545393549,0.534998845,0.538836733,0.537820344,0.527636515,0.524047944,0.527850791,0.530481841,0.518183181,0.529522903,0.543378608,0.53889607,0.543970504,0.538973767,0.536942207,0.532426265,0.528512498,0.534256305,0.006246106
DTLZ2,RT-MOPSO,0.468494553,0.490662139,0.482875903,0.483388512,0.471341978,0.471085139,0.479456466,0.479264832,0.486672573,0.481126882,0.492649917,0.485296342,0.474248853,0.480823976,0.48354255,0.48713631,0.487950064,0.469239865,0.487498502,0.481030433,0.482938687,0.49449817,0.50251072,0.495435951,0.498497723,0.482314136,0.487439091,0.490801108,0.486230468,0.477530237,0.484066069,0.008347497
DTLZ2,RLT-MOPSO,0.537952401,0.534344767,0.543046016,0.538630073,0.543086105,0.530896297,0.538762316,0.532218591,0.532171069,0.53028755,0.536782247,0.53583332,0.536453959,0.539014811,0.545326651,0.53567902,0.527698442,0.527720588,0.541918105,0.531910708,0.540400754,0.53737753,0.54023579,0.537725841,0.538914601,0.536628903,0.536247007,0.538214973,0.528191942,0.54014992,0.536460677,0.00463382
DTLZ4,MOPSO-Gbest,0,0.017266264,0.028055003,0.066348274,0.03639228,0.049779649,0.100371018,0.038272392,0.043468308,0.065386242,0.002076451,0.061103055,0,0.010137532,0,1.52E-05,0.074915607,0.027512023,0.014429614,0,0.00102759,0.004347253,0.066146106,0.11122152,0.0132962,0,0.058352751,0.011269018,0.049363283,0.016158139,0.032223692,0.031857962
DTLZ4,MOPSO-DPRT,0.36919119,0.362759409,0.280132322,0.362184335,0.273701505,0.391940838,0.332153185,0.260158376,0.392802835,0.052732476,0.192591695,0.374535562,0.277067992,0.251548381,0.417477971,0.338586317,0.216976037,0.237865782,0.379372458,0.270532694,0.272063573,0.382102029,0.401905383,0.259566629,0.268405491,0.376210489,0.350576668,0.394464686,0.421362859,0.087782631,0.308291727,0.091579228
DTLZ4,MOPSO-Von-Neumann,0.498238917,0.494881083,0.458334559,0.501910328,0.354616909,0.491267487,0.492168421,0.458201977,0.426590553,0.499460057,0.467636881,0.434949927,0.437312207,0.49393578,0.451411497,0.465818615,0.481028415,0.404700298,0.483999854,0.473222813,0.486464291,0.47357838,0.469551479,0.492325829,0.472753466,0.438943903,0.4749516,0.46092431,0.489413993,0.488313591,0.467230247,0.032106248
DTLZ4,MOPSO-IVT,0.09789138,0.138690798,0.176765216,0.099907712,0.110228513,0.175951401,0.279501581,0.143282427,0.161880499,0.355523049,0.137240197,0.146705782,0.261428787,0.298909102,0.174112728,0.186263179,0.254638725,0.165064054,0.131525376,0.289224332,0.296399847,0.19637763,0.317267862,0.111230772,0.225317483,0.33329717,0.212480226,0.283232628,0.069206521,0.133428091,0.198765769,0.079769479
DTLZ4,RT-MOPSO,0.339875858,0.326009277,0.372258939,0.429734228,0.442492458,0.349912094,0.40484874,0.39331223,0.374590778,0.400400922,0.387477899,0.349758925,0.342222825,0.439753777,0.375410435,0.369023637,0.401494404,0.383289338,0.449359984,0.428024821,0.389794247,0.396621855,0.382468529,0.286881701,0.248558722,0.407551738,0.43743686,0.274681146,0.403853366,0.367686645,0.378492879,0.048756066
DTLZ4,RLT-MOPSO,0.44603173,0.504637855,0.474832676,0.482838182,0.506041619,0.466329557,0.472143144,0.485338689,0.479811917,0.452467348,0.472774606,0.471971057,0.446806681,0.380609234,0.466551484,0.434886647,0.514402746,0.484710155,0.501715924,0.487103345,0.437027515,0.470589668,0.485190108,0.488654297,0.480519882,0.439225686,0.469390169,0.452632858,0.483634179,0.457482778,0.469878391,0.026625122
DTLZ5,MOPSO-Gbest,0.125140424,0.142337351,0.157800842,0.128403109,0.115994375,0.110267022,0.154512363,0.113719207,0.08883469,0.150188979,0.108999903,0.101802267,0.117533491,0.121439612,0.144715232,0.052492386,0.113386429,0.133507915,0.112698426,0.091594622,0.112083056,0.135939787,0.173469899,0.07976195,0.090944806,0.119192468,0.130922957,0.123902456,0.122259735,0.125168153,0.11996713,0.024753794
DTLZ5,MOPSO-DPRT,0.170405311,0.167996455,0.178954782,0.168983963,0.180042228,0.181743967,0.17785854,0.173365026,0.171644087,0.177927323,0.181243416,0.170339894,0.164349941,0.172135708,0.174724487,0.176774397,0.176328083,0.178161053,0.176049522,0.173050435,0.176139995,0.178516826,0.165094284,0.177095253,0.177031917,0.166865692,0.169262203,0.165810019,0.169292526,0.1699279,0.173570508,0.005005634
DTLZ5,MOPSO-Von-Neumann,0.179628878,0.186873339,0.179511677,0.183444709,0.188266559,0.179355534,0.179506317,0.165496437,0.177273069,0.174385669,0.178502513,0.183447796,0.173912299,0.188040167,0.187227144,0.18685425,0.183568001,0.172785559,0.174155093,0.176026139,0.180044938,0.172072162,0.176282789,0.167724313,0.17374913,0.183029609,0.171696462,0.178096247,0.171822118,0.184037943,0.178560562,0.00609347
DTLZ5,MOPSO-IVT,0.176362126,0.178150332,0.175931991,0.162898279,0.159581473,0.182484237,0.179719621,0.178503978,0.173643805,0.18111095,0.18344427,0.179682375,0.172045627,0.176841078,0.184756458,0.180545663,0.173632931,0.17835804,0.172280949,0.178462535,0.166302494,0.180057955,0.180346642,0.173833706,0.177972635,0.170193542,0.179336278,0.181337131,0.180837535,0.176290022,0.176498155,0.005815804
DTLZ5,RT-MOPSO,0.148356037,0.158252319,0.138065704,0.141690037,0.126925621,0.112085878,0.15045872,0.138735998,0.153547108,0.156494351,0.127211092,0.15370686,0.136875035,0.123453331,0.14744984,0.15120118,0.146442155,0.130767441,0.142609059,0.153999518,0.141787453,0.15296484,0.140904936,0.127037051,0.149372945,0.130150293,0.151152543,0.16411229,0.125304577,0.116872397,0.14126622,0.013137602
DTLZ5,RLT-MOPSO,0.173690064,0.184543142,0.173027421,0.179398138,0.178582089,0.18181439,0.185535409,0.165462437,0.177979486,0.187155021,0.17893659,0.17990395,0.182758942,0.180533709,0.17404706,0.17827658,0.17415452,0.180164819,0.170742639,0.173198164,0.18564923,0.184578288,0.181596861,0.18813638,0.175937624,0.174428835,0.176973493,0.182701014,0.179690538,0.173019594,0.178753881,0.005296254
DTLZ6,MOPSO-Gbest,0,0,0,0,0,0,0,0,0,0,0,0,0,0,0,0,0,0,0,0,0,0,0,0,0,0,0,0,0,0,0,0
DTLZ6,MOPSO-DPRT,0.183908124,0.175849258,0.168313443,0.185350216,0.173951629,0.180247274,0.181917245,0.183698383,0.187453582,0.187569706,0.177035734,0.18853333,0.191282126,0.176865555,0.185259508,0.188109759,0.182996507,0.185824227,0.179873259,0.183833174,0.178189606,0.184555986,0.187963198,0.17439799,0.185667643,0.180716782,0.184795779,0.173903486,0.184527424,0.176103074,0.181956434,0.005467143
DTLZ6,MOPSO-Von-Neumann,0.196490853,0.195593073,0.196338815,0.1969185,0.197024519,0.196708525,0.194448981,0.195953545,0.1953997,0.198534794,0.197303982,0.19529806,0.195483897,0.197450628,0.197526304,0.197289821,0.196065591,0.198415861,0.197410491,0.19566176,0.198394794,0.196186206,0.195731627,0.195749688,0.196967471,0.19852073,0.196998743,0.195722766,0.193976293,0.196721223,0.196542908,0.001154503
DTLZ6,MOPSO-IVT,0.156819044,0.173903583,0.169800111,0.164242106,0.179852847,0.171755608,0.178005359,0.166519823,0.157754777,0.148454707,0.163961133,0.165637901,0.155471351,0.176802848,0.16656553,0.163028774,0.174008003,0.15540289,0.152796621,0.157765,0.176364093,0.154101646,0.160281134,0.174038526,0.172153544,0.150844852,0.162648533,0.173701266,0.171003328,0.174882083,0.165618901,0.009007774
DTLZ6,RT-MOPSO,0.194922622,0.196043128,0.197043404,0.196766535,0.195017437,0.195810291,0.196962308,0.195789056,0.195445681,0.196722647,0.194924785,0.194911622,0.194278001,0.195185008,0.195069411,0.19420519,0.196217416,0.194772461,0.194188815,0.19306623,0.196714496,0.195277935,0.193708593,0.196091702,0.195566497,0.194476736,0.196154795,0.194899655,0.194229628,0.193556173,0.195267275,0.001053288
DTLZ6,RLT-MOPSO,0.196545743,0.19759628,0.197825007,0.198707523,0.197620398,0.196349431,0.197969065,0.197667185,0.19667838,0.197423263,0.198231885,0.198081039,0.19639973,0.197152003,0.196579745,0.195666406,0.197359817,0.197142937,0.196867282,0.197439809,0.196502817,0.198379993,0.197606514,0.196014878,0.197030211,0.195722085,0.197438051,0.198023365,0.196950908,0.197394075,0.197212194,0.00076988
DTLZ7,MOPSO-Gbest,0,0,0,0,0,0,0,0,0,0,0,0,0,0,0,0,0,0,0,0,0,0,0,0,0,0,0,0,0,0,0,0
DTLZ7,MOPSO-DPRT,0.253228723,0.090909091,0.187672129,0.090909091,0.090909091,0.090909091,0.248510943,0.090909091,0.261911059,0.090909091,0.126703459,0.265031433,0.090909091,0.253741806,0.25854684,0.090909091,0.263145054,0.090909091,0.251480211,0.256620986,0.090909091,0.090909091,0.259934507,0.189029104,0.276009013,0.090909091,0.090909091,0.090909091,0.090909091,0.090909091,0.160203691,0.080370501
DTLZ7,MOPSO-Von-Neumann,0.147653673,0.090909091,0.278010155,0.281725535,0.090909091,0.090909091,0.147650745,0.240578482,0.090909091,0.090909091,0.280221535,0.275555793,0.274315065,0.090909091,0.090909091,0.277200957,0.090909091,0.090909091,0.280639012,0.090909091,0.191987728,0.277057788,0.147664317,0.090909091,0.277636045,0.147657987,0.277904036,0.090909091,0.192021973,0.147651559,0.174468049,0.08297405
DTLZ7,MOPSO-IVT,0.131191983,0.179342489,0.069064827,0.072531726,0.213388758,0.20930122,0.196885438,0.199220869,0.19131386,0.194293656,0.176494966,0.091094835,0.092919235,0.088007571,0.068139176,0,0.172643947,0.087709956,0.134520138,0.073240994,0.183294137,0.178800541,0.110361441,0.172474604,0.047940047,0.066553729,0.180643294,0.172731943,0.088476125,0.161896643,0.133482605,0.058481125
DTLZ7,RT-MOPSO,0.191916305,0.266504082,0.270021632,0.267843761,0.269208804,0.263920199,0.269170068,0.271257215,0.268592755,0.271135115,0.263681801,0.270325175,0.267567617,0.270312642,0.269665875,0.268666961,0.271560926,0.191949988,0.266755259,0.27292033,0.274714583,0.269069981,0.266670217,0.265305369,0.264758781,0.267865703,0.268653099,0.268172914,0.269073573,0.269042919,0.263543455,0.019619528
DTLZ7,RLT-MOPSO,0.271795412,0.27900273,0.266819545,0.274495241,0.269086133,0.269896591,0.271024041,0.274370524,0.26652082,0.268202112,0.271978751,0.26878073,0.272032896,0.268465923,0.280247136,0.268109091,0.270120557,0.273211133,0.268829628,0.268881082,0.271860861,0.271318755,0.273686029,0.267932165,0.271205272,0.266699844,0.264700705,0.267351719,0.267732967,0.269760115,0.270470617,0.003490876
WFG1,MOPSO-Gbest,0.059165584,0.03112696,0.006507911,0.012741622,0.085343127,0.119371247,0,0.047277679,0,0.100435591,0.010424386,0,0.096218575,0.091223199,0,0.038843747,0.109639839,0.049054731,0.117307716,0.101942745,0.125118426,0.007573086,0.111397647,0,0.013833149,0,0,0.116134527,0.148561344,0.047643675,0.054896217,0.049841129
WFG1,MOPSO-DPRT,0.241230704,0.265557239,0.251533383,0.284113987,0.248118941,0.258978571,0.325710395,0.208324842,0.229529312,0.260917236,0.252293374,0.278893433,0.239199707,0.299271507,0.185205655,0.21135745,0.287399235,0.178310363,0.227662462,0.281554067,0.193190095,0.243247219,0.206236117,0.225426198,0.271291276,0.19305985,0.265528521,0.264425968,0.274634258,0.223865582,0.245868898,0.035911649
WFG1,MOPSO-Von-Neumann,0.187899139,0.173066485,0.233431228,0.17529863,0.182501746,0.232713663,0.182357108,0.196807942,0.179719998,0.156335793,0.18189786,0.21001129,0.194885232,0.217530923,0.192364788,0.170016423,0.187004702,0.197016699,0.228748481,0.157595878,0.199362119,0.197668275,0.210908582,0.203953002,0.225025832,0.163845282,0.174800844,0.190555685,0.196442529,0.159296495,0.191968755,0.021710419
WFG1,MOPSO-IVT,0.155064491,0.161350222,0.117133843,0.149981685,0.149341645,0.15450302,0.144421414,0.131050378,0.13005507,0.120268642,0.152725324,0.139638158,0.198436906,0.194088293,0.136435681,0.15064192,0.147023159,0.180086109,0.167998725,0.154914177,0.160497897,0.160921865,0.144389554,0.16567421,0.126596144,0.129045358,0.146801094,0.151415872,0.162709295,0.178617792,0.152060931,0.019597141
WFG1,RT-MOPSO,0.203947317,0.264096198,0.201134711,0.261659844,0.201116346,0.198033068,0.213695977,0.224720749,0.264692229,0.276178433,0.254372106,0.225331497,0.239068892,0.231142925,0.210375363,0.202092974,0.222765496,0.212615641,0.238156094,0.211060932,0.259039653,0.202773362,0.225011518,0.189952213,0.158850963,0.265685313,0.223003723,0.278839462,0.232577585,0.245688526,0.227922637,0.02871513
WFG1,RLT-MOPSO,0.229598131,0.298403397,0.165853292,0.227333373,0.244162885,0.200749956,0.182596025,0.241857184,0.252333548,0.201644161,0.238545921,0.210478399,0.270590761,0.234029357,0.294473552,0.241720916,0.249315196,0.253320055,0.259035757,0.240719881,0.206804885,0.243915969,0.231795642,0.275826225,0.246038419,0.21593107,0.273753516,0.248591154,0.276200101,0.266913573,0.240751077,0.030746178
WFG2,MOPSO-Gbest,0.788119855,0.711377714,0.746441649,0.79879724,0.771489536,0.735326024,0.726999884,0.739910909,0.712403355,0.763909179,0.790022309,0.73815794,0.676530733,0.698989355,0.782873683,0.752084223,0.771337398,0.76508309,0.728939955,0.77141019,0.77178993,0.774310403,0.771447005,0.780761726,0.816991059,0.760350489,0.729332421,0.769720299,0.779792968,0.697627131,0.754077588,0.033051612
WFG2,MOPSO-DPRT,0.887503126,0.901188256,0.908610525,0.90958638,0.908046198,0.892320514,0.907930637,0.892761603,0.90233317,0.905956053,0.882073104,0.91050879,0.894209359,0.911672306,0.893253329,0.911070889,0.885720538,0.889056097,0.908755473,0.908987068,0.910843315,0.904993291,0.910867209,0.904082372,0.913949451,0.911795537,0.903158179,0.896798117,0.90590836,0.893922681,0.902262064,0.009104498
WFG2,MOPSO-Von-Neumann,0.896046684,0.909328494,0.897124156,0.899698824,0.893837876,0.897648418,0.90043893,0.894419759,0.899952584,0.905473359,0.899649616,0.904649263,0.901944272,0.901539991,0.900450136,0.901545483,0.906121183,0.887056759,0.898888048,0.899538163,0.905502419,0.903194294,0.901480156,0.903602077,0.890464877,0.903192528,0.899231892,0.898730648,0.896502089,0.902920012,0.900005766,0.004669971
WFG2,MOPSO-IVT,0.900259422,0.894683848,0.880178179,0.878756723,0.883515516,0.891889514,0.881735732,0.889728326,0.868057822,0.893299473,0.889677518,0.87988027,0.892772209,0.887146677,0.898621195,0.874242472,0.894336069,0.881011996,0.887787484,0.902109367,0.889530108,0.892143495,0.884200928,0.894799204,0.893504425,0.87191747,0.879762612,0.892736406,0.886599918,0.893437469,0.887610728,0.008332814
WFG2,RT-MOPSO,0.896494045,0.894137864,0.891710309,0.888561259,0.895383658,0.893958244,0.890562143,0.888782557,0.882550911,0.885223768,0.881147785,0.879530759,0.893499513,0.887286219,0.87748768,0.882237605,0.891534482,0.886151871,0.880707223,0.880379305,0.898786778,0.891074985,0.88504989,0.882634247,0.883146335,0.892348806,0.889552339,0.890243467,0.891432224,0.885052633,0.887888297,0.005608266
WFG2,RLT-MOPSO,0.909027193,0.914093492,0.918635651,0.912151805,0.903664785,0.908615083,0.905785531,0.901149043,0.909549447,0.907336417,0.916634014,0.906918009,0.916829799,0.909291595,0.903417508,0.90844597,0.911893368,0.904109074,0.909618984,0.90833418,0.905457694,0.909952733,0.908117753,0.908464044,0.911266786,0.909969422,0.91600199,0.903391815,0.903610288,0.907778648,0.908983737,0.004365153
WFG3,MOPSO-Gbest,0.271861836,0.246847785,0.237094044,0.264989359,0.27081647,0.283088962,0.270353402,0.256005465,0.218688838,0.269450173,0.233114103,0.236319476,0.267127565,0.261837291,0.229344499,0.254374339,0.251108861,0.272014893,0.264211094,0.227006693,0.278086823,0.224502082,0.228005324,0.265677592,0.2437237,0.273916205,0.254963511,0.237405368,0.265814609,0.224154366,0.252730158,0.018975595
WFG3,MOPSO-DPRT,0.30952717,0.304784401,0.301005347,0.329734665,0.305817597,0.304380251,0.320710516,0.298179113,0.290451061,0.275350899,0.277212423,0.289908107,0.314933451,0.306924191,0.29948711,0.287709567,0.317050958,0.306839794,0.315533834,0.308288193,0.285508242,0.294291213,0.311272563,0.289739293,0.304521105,0.317247927,0.299223868,0.316630397,0.327743331,0.308176733,0.303939444,0.013537669
WFG3,MOPSO-Von-Neumann,0.337986786,0.335004925,0.33257596,0.328160893,0.328831978,0.330525161,0.339146679,0.326805751,0.318999718,0.323950308,0.323691452,0.29671412,0.323982403,0.352363282,0.315904169,0.343996721,0.324328711,0.333096059,0.330228942,0.336283591,0.329184357,0.317399265,0.318894014,0.31805997,0.329500398,0.330210143,0.300104,0.330559503,0.324744749,0.323861405,0.326836514,0.011136653
WFG3,MOPSO-IVT,0.314003596,0.313812754,0.324387507,0.319202384,0.336954497,0.323650576,0.315882411,0.348167755,0.311743072,0.31967517,0.322024383,0.337294543,0.329760357,0.333936585,0.33751767,0.331863049,0.326790431,0.300169685,0.322164421,0.34036272,0.337267085,0.333304064,0.326334537,0.324202803,0.335868121,0.325796893,0.334136712,0.317446545,0.309350299,0.327788666,0.326028643,0.010636611
WFG3,RT-MOPSO,0.329383931,0.314254625,0.334082809,0.322142766,0.331546722,0.300118677,0.304341003,0.32940286,0.320545366,0.335628047,0.30527844,0.299632572,0.313241425,0.298895688,0.301671124,0.299880763,0.313735736,0.311272284,0.304823915,0.313996238,0.32982976,0.317409003,0.318575431,0.314780047,0.309275167,0.315838105,0.321841835,0.288372484,0.296667077,0.311702697,0.313605553,0.012220831
WFG3,RLT-MOPSO,0.321413459,0.312512536,0.324778579,0.316070182,0.327059132,0.327628818,0.317938189,0.331967537,0.329008258,0.334616631,0.337684229,0.314996345,0.331624292,0.316659924,0.326743142,0.327132438,0.337752057,0.323762899,0.34029278,0.318341726,0.316770539,0.336096409,0.326160568,0.359917958,0.331564541,0.334646385,0.324709108,0.322045655,0.317826628,0.327560215,0.327176039,0.009761674
WFG4,MOPSO-Gbest,0.479828393,0.474664576,0.463177497,0.486522583,0.472764585,0.446105149,0.475594792,0.467309046,0.466829419,0.479997282,0.469347527,0.477089309,0.473864962,0.462615195,0.451515789,0.477845063,0.465964356,0.464045696,0.475654708,0.46733755,0.466298165,0.467462701,0.478869796,0.48180909,0.475147633,0.481437405,0.481943566,0.467477259,0.461139793,0.453245917,0.47043016,0.009608662
WFG4,MOPSO-DPRT,0.492744263,0.486638805,0.487867378,0.49213275,0.485543616,0.480181354,0.490277319,0.48441581,0.489005867,0.489811948,0.486362597,0.482419685,0.486320734,0.482716764,0.484867373,0.484548285,0.481801165,0.484229464,0.485324135,0.481878609,0.490037478,0.491271822,0.487397658,0.484782548,0.491139798,0.485203162,0.485270235,0.487484212,0.488069812,0.485782401,0.486517568,0.00324021
WFG4,MOPSO-Von-Neumann,0.490887456,0.485772938,0.483514105,0.484989475,0.479117345,0.485925784,0.48085527,0.482541537,0.482394263,0.477294285,0.480087232,0.477457556,0.483906942,0.482015668,0.482082219,0.481748724,0.480946373,0.478247867,0.48281027,0.480737483,0.482757486,0.478205514,0.481494236,0.483781732,0.480700985,0.485890162,0.48522952,0.476819049,0.483482423,0.477268446,0.481965412,0.003187034
WFG4,MOPSO-IVT,0.493805374,0.491271026,0.493006643,0.488030432,0.489352062,0.486128987,0.481328168,0.490008093,0.483634672,0.482277575,0.488322889,0.487354136,0.488411262,0.494011333,0.492351166,0.486072656,0.493393694,0.485545636,0.491273606,0.488078744,0.486440115,0.490028929,0.4861584,0.484930855,0.481868511,0.486644696,0.483586779,0.492532583,0.485562964,0.488161134,0.487985771,0.003644701
WFG4,RT-MOPSO,0.481943904,0.478595445,0.473749661,0.479779307,0.482184954,0.479265232,0.482696478,0.478833716,0.483264147,0.483881046,0.481118115,0.478412068,0.483799008,0.483558139,0.477214382,0.487317859,0.484259825,0.479174339,0.485123037,0.474857083,0.485291513,0.481290606,0.483605145,0.476271571,0.480319518,0.480656708,0.485444459,0.479903283,0.47701749,0.479397196,0.480940841,0.003309754
WFG4,RLT-MOPSO,0.495120635,0.488872775,0.494150327,0.48764471,0.490754201,0.491200216,0.49139844,0.488117999,0.492192555,0.491811887,0.490076886,0.487392915,0.497333448,0.490550879,0.489162688,0.486033139,0.491890395,0.489386819,0.492184103,0.49447889,0.492362193,0.495122287,0.488894383,0.489948598,0.488763194,0.491036058,0.493246632,0.494127438,0.495207691,0.482864277,0.491044222,0.003110124
WFG5,MOPSO-Gbest,0.237234697,0.228956027,0.242368566,0.245855783,0.239292412,0.23207447,0.246306725,0.231460904,0.222859491,0.239202128,0.242615595,0.238957635,0.226128814,0.220186005,0.232898811,0.229496923,0.217053522,0.233793134,0.232837163,0.241053731,0.235696204,0.240981442,0.230143761,0.224075433,0.238848968,0.24143181,0.228931449,0.251137404,0.245156746,0.241047743,0.23526945,0.008278788
WFG5,MOPSO-DPRT,0.483313721,0.486723879,0.491673728,0.47218239,0.489145648,0.482279614,0.482956743,0.48519916,0.485769519,0.476414118,0.482009568,0.48917151,0.487072418,0.484857127,0.486876281,0.484912017,0.474468989,0.482506684,0.490983509,0.487101236,0.483185767,0.491528441,0.482505145,0.475310927,0.480493752,0.488835704,0.48694848,0.482299951,0.487245111,0.482058996,0.484201004,0.004898763
WFG5,MOPSO-Von-Neumann,0.480938598,0.487866724,0.489185731,0.47798502,0.471033178,0.482732907,0.475751679,0.481544632,0.474978929,0.489174448,0.476260815,0.482113189,0.478428301,0.479799531,0.486069573,0.482959725,0.472604135,0.475762681,0.479730329,0.47167212,0.483059962,0.464434538,0.482311644,0.473459525,0.47613797,0.473707868,0.485198494,0.480407355,0.482110661,0.479536067,0.479231878,0.005711345
WFG5,MOPSO-IVT,0.472695837,0.486395485,0.476535149,0.480200675,0.480905068,0.470991758,0.458450897,0.479245335,0.470018209,0.467235924,0.479325513,0.464016809,0.483662184,0.462143414,0.482446465,0.462470579,0.486617086,0.484257333,0.482840079,0.472735879,0.45256272,0.468454811,0.474080578,0.45764554,0.485636742,0.471550994,0.469249853,0.482502891,0.473516397,0.479084664,0.473915829,0.009318429
WFG5,RT-MOPSO,0.482901825,0.480328527,0.484170735,0.481872765,0.483607744,0.480164905,0.488846998,0.482188202,0.476296462,0.481872132,0.486538074,0.472900944,0.483477876,0.484732832,0.477913094,0.479424452,0.478226302,0.47835438,0.480828937,0.477153842,0.490490214,0.471886451,0.487873172,0.482725835,0.482511961,0.48149314,0.477569393,0.48236612,0.478703083,0.474788116,0.481073617,0.004352258
WFG5,RLT-MOPSO,0.491127139,0.4862987,0.477686955,0.480437588,0.480068467,0.477642366,0.488768197,0.480528999,0.489544835,0.48482954,0.477430475,0.481949768,0.48812308,0.482635711,0.489686816,0.477228275,0.487583731,0.482070646,0.489005214,0.484046693,0.496360465,0.475329681,0.480631915,0.490547725,0.483252596,0.490153491,0.487035312,0.493250479,0.49102784,0.481745212,0.484867597,0.005458406
WFG6,MOPSO-Gbest,0.422156819,0.395336742,0.373118171,0.388758713,0.397268797,0.397127044,0.414565591,0.415088243,0.42449302,0.423631285,0.412400292,0.417890275,0.373491743,0.399439606,0.38082172,0.396740104,0.384175855,0.432707049,0.410392913,0.376876802,0.379911067,0.392122207,0.402633835,0.444900634,0.402948478,0.418580074,0.363017439,0.395962313,0.412604936,0.384130077,0.401109728,0.019558932
WFG6,MOPSO-DPRT,0.456943194,0.472076147,0.470161558,0.480809738,0.473931648,0.490272153,0.456593955,0.474334323,0.488547869,0.479882216,0.466576329,0.493669985,0.474730683,0.471468017,0.458711525,0.477609639,0.472292584,0.473848716,0.488748327,0.48327733,0.48289981,0.449365691,0.47901206,0.471008695,0.480571257,0.454207252,0.470594107,0.471213332,0.481932598,0.476946246,0.474074566,0.010856379
WFG6,MOPSO-Von-Neumann,0.493175201,0.485946104,0.48156503,0.484448859,0.479419987,0.480703036,0.481374304,0.476708777,0.493326753,0.490082451,0.490138172,0.478455444,0.476274814,0.48980395,0.486034581,0.484219267,0.488940104,0.474257862,0.486478565,0.496480137,0.497633276,0.481543275,0.482084819,0.488517355,0.496504931,0.485564255,0.485522888,0.481706666,0.492126552,0.490632307,0.485988991,0.006244701
WFG6,MOPSO-IVT,0.488908804,0.494681651,0.500428349,0.499540423,0.483861989,0.498974136,0.489753086,0.505438213,0.481762502,0.504481941,0.499024752,0.487952147,0.495447991,0.494475855,0.494769727,0.49003437,0.481810127,0.493257881,0.499605506,0.484930882,0.491108895,0.490451002,0.491414988,0.503970745,0.485400932,0.513222414,0.499058152,0.487835141,0.502128451,0.495476097,0.494306905,0.007604934
WFG6,RT-MOPSO,0.455359975,0.466380565,0.469435469,0.481057904,0.478403939,0.475157728,0.47898281,0.459010099,0.465299022,0.457728981,0.466564924,0.46326897,0.449928827,0.45611942,0.456304244,0.464984347,0.450842978,0.476543995,0.469191134,0.46015016,0.47375453,0.470367851,0.469547409,0.462020716,0.471731581,0.468020276,0.447503833,0.453583246,0.471512419,0.451274293,0.464667722,0.009385983
WFG6,RLT-MOPSO,0.489523005,0.479074202,0.504525088,0.490496765,0.507359544,0.498440805,0.481882202,0.497975854,0.488975751,0.497388452,0.495579661,0.493878913,0.511415035,0.487537371,0.483460595,0.512604041,0.493781656,0.505861344,0.491046589,0.486995502,0.514093222,0.494155516,0.511065626,0.507312181,0.51862668,0.487804106,0.501740197,0.511645498,0.496543908,0.50329804,0.498136245,0.010561373
WFG7,MOPSO-Gbest,0.406010939,0.38971046,0.369483263,0.413549338,0.418935883,0.402835292,0.394610867,0.421876708,0.386189228,0.400679359,0.381966726,0.391772162,0.418994262,0.408774036,0.417588617,0.412029188,0.394726004,0.416976057,0.395981975,0.401635042,0.398432027,0.393205647,0.41450048,0.386550075,0.402995206,0.395598356,0.397703867,0.421919104,0.37817633,0.407845212,0.401375057,0.013616408
WFG7,MOPSO-DPRT,0.513920815,0.512447725,0.511327362,0.515206756,0.514251961,0.506849057,0.505806182,0.506299213,0.514590537,0.513514952,0.506600288,0.508390616,0.50795835,0.51185186,0.503794258,0.513731653,0.51301274,0.517468413,0.509526848,0.510717476,0.507542503,0.508299413,0.510471522,0.508504146,0.517219136,0.505970899,0.508265253,0.510520944,0.512460266,0.514613082,0.510704474,0.003611271
WFG7,MOPSO-Von-Neumann,0.498972515,0.50917485,0.501912581,0.502008924,0.510638753,0.51495757,0.497859963,0.508288475,0.511088819,0.503075513,0.503194056,0.504366839,0.495754836,0.506491993,0.509923084,0.50537309,0.501544868,0.500347908,0.505211301,0.503444011,0.508490101,0.51399391,0.505546486,0.505939318,0.507882067,0.506409955,0.513076472,0.510374819,0.508899652,0.50513655,0.505979309,0.004707518
WFG7,MOPSO-IVT,0.512953429,0.509916638,0.508329014,0.511112674,0.489020717,0.49396514,0.508069842,0.506722159,0.50451468,0.508315208,0.511303593,0.506563998,0.506670368,0.507475931,0.50390403,0.502009528,0.507247564,0.500784504,0.501812832,0.503716624,0.493883639,0.507697672,0.512220789,0.50759387,0.510595037,0.499645193,0.522028203,0.497028771,0.517804168,0.500061376,0.505765573,0.006964003
WFG7,RT-MOPSO,0.504625884,0.488054741,0.505014382,0.496358037,0.495219259,0.495304452,0.48972346,0.504002082,0.500991151,0.489336915,0.497313254,0.496273914,0.506490784,0.503078007,0.505745587,0.506321955,0.496584201,0.495532871,0.504350392,0.498006525,0.504371883,0.504020321,0.494793111,0.494707188,0.500116047,0.487259702,0.494488571,0.49354734,0.489360966,0.494806535,0.497859984,0.005905666
WFG7,RLT-MOPSO,0.524140265,0.517337846,0.514709251,0.519579751,0.511222998,0.524159866,0.524142248,0.519018966,0.520840398,0.520926738,0.521737595,0.519835212,0.517932267,0.522010865,0.516060243,0.520947282,0.516580069,0.518473899,0.510249179,0.516902923,0.519624121,0.523479599,0.524224648,0.524272357,0.522708024,0.522271242,0.521095716,0.522909827,0.51871535,0.51669497,0.519760124,0.003687163
WFG8,MOPSO-Gbest,0.312329139,0.311717411,0.317491907,0.323639872,0.323609875,0.340828952,0.320094861,0.307672285,0.322057635,0.320559491,0.321857622,0.323865153,0.321048656,0.314381218,0.332180706,0.323235778,0.313650497,0.292599713,0.299212281,0.32015658,0.335797473,0.317658624,0.325188115,0.320412185,0.331584345,0.309300528,0.322538711,0.330420585,0.320812489,0.331632782,0.320251182,0.010108823
WFG8,MOPSO-DPRT,0.406201902,0.401058246,0.414772199,0.401773566,0.420065733,0.402818524,0.40455794,0.404784587,0.403810316,0.408732957,0.400648281,0.405272229,0.410871769,0.400192809,0.399983906,0.403795479,0.407543429,0.413550661,0.395463126,0.419898384,0.400379538,0.401235177,0.405738304,0.40952106,0.402212234,0.410861192,0.413579199,0.40050223,0.401725962,0.416601347,0.406271743,0.006311397
WFG8,MOPSO-Von-Neumann,0.412380677,0.414031464,0.410806917,0.402471831,0.410722839,0.411196641,0.403898904,0.417474589,0.410233502,0.41415268,0.41728462,0.40539362,0.421358914,0.405206516,0.402511517,0.404336558,0.406189736,0.412129607,0.415190267,0.409232879,0.400621374,0.41566737,0.417290704,0.399954467,0.399630979,0.404548369,0.413455214,0.408297604,0.40913643,0.403695077,0.409283396,0.005883704
WFG8,MOPSO-IVT,0.410072881,0.413101352,0.406070409,0.409166887,0.398920441,0.41915477,0.413092115,0.404631532,0.398632587,0.407593853,0.399097567,0.405730175,0.396523187,0.396919476,0.396884741,0.398599862,0.403262894,0.396844492,0.391496974,0.3896121,0.398318884,0.394310161,0.413457963,0.402143711,0.392196937,0.417211109,0.400100176,0.397058118,0.40622536,0.403958014,0.402679624,0.007674082
WFG8,RT-MOPSO,0.403804116,0.407815318,0.392872399,0.409933998,0.400989791,0.400256313,0.407470076,0.406000757,0.405873551,0.394900906,0.39046127,0.398821433,0.396662024,0.39833977,0.403615213,0.395793115,0.402709765,0.401094533,0.408800797,0.401065838,0.397750492,0.410803066,0.406711866,0.400913906,0.393072479,0.406346527,0.395197093,0.407984718,0.378606454,0.402557655,0.400907508,0.006910333
WFG8,RLT-MOPSO,0.411761818,0.419279118,0.428250677,0.411550433,0.406451158,0.417202898,0.413920871,0.412100053,0.408807846,0.419081266,0.421003546,0.417172117,0.413027916,0.417999393,0.408146096,0.427697755,0.404907589,0.418354852,0.415868476,0.397059844,0.409844539,0.406874277,0.411260513,0.412919677,0.415032471,0.417351715,0.417316403,0.417261006,0.418106742,0.414360503,0.414332386,0.006378771
WFG9,MOPSO-Gbest,0.447317452,0.414071949,0.445125731,0.431006803,0.452327957,0.425573839,0.457942947,0.448146243,0.439847023,0.419578007,0.442190622,0.414692099,0.446257985,0.411921922,0.439544592,0.450449349,0.425842076,0.460479406,0.450502648,0.452838384,0.448074483,0.452835368,0.460772283,0.467483696,0.445348059,0.458579018,0.452401975,0.469139127,0.45568268,0.466769559,0.445091443,0.016032283
WFG9,MOPSO-DPRT,0.481109277,0.503394067,0.489898577,0.496163827,0.49466179,0.498291826,0.49062962,0.498586837,0.497459247,0.496689514,0.498010572,0.490623567,0.491655604,0.502106825,0.499595137,0.498217974,0.497925165,0.491492864,0.496287638,0.496318763,0.48941546,0.503185695,0.493867027,0.492611052,0.499127432,0.501524277,0.503199546,0.48600529,0.502196761,0.494246732,0.495816599,0.005361168
WFG9,MOPSO-Von-Neumann,0.505138944,0.513973489,0.508497092,0.508487081,0.499696815,0.505538549,0.509200961,0.50758857,0.51115523,0.508346118,0.50091066,0.5063676,0.501505801,0.507908417,0.504182731,0.497299442,0.506323691,0.504770946,0.404791578,0.404347261,0.499936771,0.497792523,0.509775462,0.40752462,0.506754469,0.506450352,0.500096241,0.5096985,0.404941058,0.506279012,0.492175999,0.034846181
WFG9,MOPSO-IVT,0.50291733,0.497236325,0.505135288,0.509774877,0.505600727,0.50178445,0.501954901,0.513555518,0.499763409,0.50941902,0.509372547,0.51443022,0.503145326,0.503036656,0.505189939,0.504032854,0.506744557,0.50636311,0.500036742,0.50735663,0.4976281,0.513461542,0.501384911,0.493253879,0.501850145,0.500263334,0.509265354,0.504620092,0.508629181,0.502284428,0.504649713,0.004994809
WFG9,RT-MOPSO,0.477212963,0.404732386,0.491675923,0.404046717,0.402914777,0.490776982,0.399475177,0.403462699,0.498952106,0.404974299,0.401898772,0.494748717,0.404971795,0.420522247,0.402024709,0.401727027,0.484153068,0.409232743,0.400861193,0.404375903,0.494125336,0.405636448,0.505918144,0.41159346,0.410368828,0.490975589,0.496930498,0.403284011,0.402354339,0.503211648,0.437571283,0.043726528
WFG9,RLT-MOPSO,0.51577339,0.510935545,0.499383171,0.505789846,0.505372066,0.508938198,0.505066397,0.506603966,0.508348637,0.513015885,0.403541617,0.509200884,0.503626095,0.508528867,0.510530885,0.513874167,0.514392995,0.516406485,0.502395995,0.50555325,0.508071899,0.517046713,0.505162566,0.50651985,0.507159354,0.513836267,0.500547675,0.504817645,0.510212378,0.511909363,0.505085402,0.019715129
Viennet1,MOPSO-Gbest,0.327816443,0.325246599,0.320310551,0.323305614,0.323830059,0.328089919,0.32762864,0.327648154,0.324023855,0.326578815,0.324137006,0.306334994,0.325378435,0.327321629,0.324275117,0.327659168,0.32112317,0.323110058,0.327230679,0.323842584,0.322346864,0.327829248,0.326358673,0.32442783,0.316510016,0.32807313,0.321698565,0.325165468,0.327536539,0.317303609,0.324071381,0.004540166
Viennet1,MOPSO-DPRT,0.326387754,0.327821866,0.326130113,0.326708273,0.327242058,0.327286093,0.32635696,0.326930917,0.327310402,0.327065482,0.327624144,0.328031333,0.327857097,0.327496832,0.327805969,0.327252857,0.327465897,0.32739454,0.327783592,0.327730672,0.327042593,0.327288371,0.327724804,0.327235794,0.327045988,0.326722998,0.32741044,0.327919608,0.326641145,0.327444568,0.327271972,0.000494331
Viennet1,MOPSO-Von-Neumann,0.328231675,0.328031915,0.327966732,0.328358108,0.328279496,0.327611197,0.327616742,0.328245172,0.328097196,0.327338426,0.327234222,0.328240677,0.327707097,0.327525532,0.327848409,0.327821174,0.327918627,0.327779567,0.327803938,0.32798748,0.327892587,0.327961626,0.327835036,0.327551094,0.327884006,0.328413368,0.3281635,0.327809898,0.32831566,0.32804331,0.327917116,0.000296871
Viennet1,MOPSO-IVT,0.326068251,0.325998272,0.326190453,0.326678676,0.326379058,0.32629835,0.325909675,0.325665985,0.325772891,0.325697386,0.325963592,0.325846532,0.326215575,0.326416877,0.325926231,0.325753945,0.326527493,0.325206231,0.326194786,0.32627854,0.326669882,0.325294394,0.325818685,0.326799676,0.325996676,0.325411276,0.326277882,0.326119818,0.325770182,0.325471562,0.326020628,0.000402943
Viennet1,RT-MOPSO,0.328049446,0.32799351,0.32836527,0.327411826,0.32775994,0.327567598,0.328215835,0.327631794,0.327689844,0.327968353,0.327622799,0.327862334,0.328221579,0.32759686,0.327825075,0.328402213,0.327680496,0.327727396,0.327925893,0.32768889,0.327864417,0.327964414,0.327871072,0.328332053,0.32756035,0.328733835,0.327659342,0.32731007,0.327665584,0.328535783,0.327890129,0.000340226
Viennet1,RLT-MOPSO,0.328734634,0.328037189,0.327305106,0.327627783,0.327819805,0.327888192,0.327753987,0.328464653,0.328016439,0.328075233,0.328355084,0.327578678,0.327887723,0.327300966,0.32797868,0.327488165,0.327869939,0.32804975,0.328795982,0.328485699,0.327520086,0.327816174,0.328390059,0.328230389,0.328376836,0.327212307,0.328303156,0.328221248,0.32828848,0.327212765,0.327969506,0.000435245
Viennet2,MOPSO-Gbest,0.334113287,0.333550554,0.332247934,0.33403905,0.337053106,0.336752992,0.332073841,0.33298064,0.334359557,0.335928012,0.330456756,0.333727672,0.334109065,0.332998925,0.332296497,0.333642158,0.335095069,0.333763235,0.332920404,0.33295019,0.333457452,0.333404191,0.332866629,0.332823743,0.331395534,0.330738872,0.334634458,0.33419629,0.334024927,0.334478971,0.333569334,0.001495054
Viennet2,MOPSO-DPRT,0.332640941,0.33377115,0.329523944,0.331720074,0.328772174,0.330034219,0.334823533,0.3331848,0.333741187,0.333302802,0.331491535,0.333181991,0.332070491,0.332797711,0.333113051,0.331881122,0.332542955,0.330435331,0.33020058,0.330831826,0.329964441,0.334884577,0.332336787,0.334646611,0.333397029,0.331222426,0.331102921,0.333356905,0.331823771,0.330819166,0.332120535,0.001606182
Viennet2,MOPSO-Von-Neumann,0.334392665,0.334187347,0.334251687,0.334268462,0.334192473,0.334054269,0.333765782,0.334180861,0.33371588,0.334227636,0.334227577,0.333872048,0.334209821,0.33415245,0.334169873,0.334205809,0.333770402,0.334248434,0.334005762,0.333867123,0.333721556,0.334063194,0.333854445,0.333964195,0.333983453,0.333799589,0.334009864,0.333540009,0.334060223,0.334134523,0.33403658,0.000208548
Viennet2,MOPSO-IVT,0.333981113,0.334098771,0.334127015,0.334066435,0.33386125,0.334281998,0.334069217,0.333984612,0.334357642,0.333946771,0.334053157,0.333999151,0.334311735,0.333960248,0.333991787,0.334063695,0.333733207,0.334113865,0.333784722,0.334210239,0.334175143,0.334273057,0.334069938,0.33441095,0.333975405,0.333930332,0.33397354,0.334187805,0.334362191,0.334143961,0.334083298,0.000167104
Viennet2,RT-MOPSO,0.334171574,0.33394046,0.334223006,0.334063019,0.334150767,0.333946781,0.333653703,0.333915761,0.333874478,0.334232857,0.333962904,0.334160519,0.334215443,0.33403219,0.334165146,0.334052324,0.333856403,0.334468891,0.333868623,0.334154547,0.334137716,0.333986546,0.333878515,0.334151087,0.334170288,0.334333828,0.334356463,0.334330133,0.334247433,0.333970117,0.334089051,0.000181271
Viennet2,RLT-MOPSO,0.335139785,0.335270798,0.335168332,0.334732349,0.335199361,0.334822144,0.335094636,0.334852803,0.334912764,0.33477389,0.334786042,0.334769551,0.334937204,0.335198923,0.335242852,0.334755767,0.335113674,0.334503377,0.33486389,0.334666643,0.335027803,0.334879112,0.334837459,0.335084407,0.334929389,0.334860936,0.334848741,0.335077216,0.335101019,0.334961112,0.334947066,0.000188786
Viennet3,MOPSO-Gbest,0.186930287,0.185403166,0.186779047,0.186773781,0.187089205,0.18707142,0.187147519,0.186939492,0.186604068,0.187057463,0.1869151,0.187039392,0.186527067,0.1870202,0.186803738,0.186440253,0.187012433,0.186670635,0.186930416,0.187081145,0.186526518,0.187087755,0.186828966,0.185559006,0.186772519,0.186950828,0.186888022,0.18637235,0.186209722,0.187028462,0.186748666,0.000418806
Viennet3,MOPSO-DPRT,0.184305664,0.184572735,0.185573946,0.18405944,0.184136335,0.18431848,0.18296093,0.18449206,0.183219346,0.183205771,0.184417173,0.183671975,0.184732814,0.184218692,0.183522254,0.183464039,0.183485135,0.183541551,0.182952157,0.183780889,0.183601479,0.183706283,0.184732824,0.183945126,0.18434622,0.183930318,0.183789016,0.183387275,0.183970756,0.184801184,0.183961396,0.000602162
Viennet3,MOPSO-Von-Neumann,0.186646735,0.186509592,0.18667724,0.186536331,0.186664089,0.186569484,0.186625186,0.186589186,0.186663775,0.186689178,0.186583466,0.186652358,0.186629588,0.186611838,0.186600424,0.186458148,0.186439208,0.186604273,0.186500009,0.18662739,0.18662363,0.186513923,0.186581369,0.186576558,0.186631347,0.186512026,0.186562955,0.18663081,0.186547206,0.186653713,0.186590368,6.47961E-05
Viennet3,MOPSO-IVT,0.186728015,0.186496036,0.186581047,0.186577041,0.186763018,0.18667604,0.186621831,0.18664462,0.186576409,0.186574854,0.186693572,0.18657763,0.186666954,0.186711557,0.186649914,0.186520391,0.186690299,0.186553144,0.18670326,0.186649391,0.18664015,0.186614456,0.186598603,0.186637086,0.186691136,0.18668632,0.186598281,0.186643014,0.186596,0.186672307,0.186634413,6.24462E-05
Viennet3,RT-MOPSO,0.186566192,0.186488883,0.186581617,0.186401608,0.186580287,0.186530269,0.186418478,0.186358255,0.186574857,0.186539345,0.186523117,0.186570842,0.186558339,0.186547082,0.186617614,0.186384486,0.186425369,0.186523494,0.18656708,0.186501629,0.186336646,0.186256852,0.18637686,0.186503525,0.186565396,0.186382505,0.186587461,0.186560948,0.186473645,0.186378719,0.18648938,9.3499E-05
Viennet3,RLT-MOPSO,0.186837581,0.186723983,0.186700547,0.186849625,0.186710398,0.186539384,0.186706046,0.186858397,0.186795495,0.186851814,0.186750122,0.186921768,0.186906736,0.18681972,0.186743063,0.186845061,0.186722559,0.186680014,0.186859552,0.186769739,0.18657417,0.186770446,0.186556038,0.186839364,0.186828005,0.186696887,0.186885119,0.186872972,0.186450862,0.186760191,0.186760855,0.000115086
